<?xml version="1.0"?>

<!--
  ~ Hibernate, Relational Persistence for Idiomatic Java
  ~
  ~ License: GNU Lesser General Public License (LGPL), version 2.1 or later.
  ~ See the lgpl.txt file in the root directory or <http://www.gnu.org/licenses/lgpl-2.1.html>.
  -->
<!DOCTYPE hibernate-mapping PUBLIC
        "-//Hibernate/Hibernate Mapping DTD 3.0//EN"
        "http://www.hibernate.org/dtd/hibernate-mapping-3.0.dtd">

<hibernate-mapping package="competition.model">

    <class name="ParticipantORM" table="participants">
        <id name="id" column="id_participant">
            <generator class="increment"/>
        </id>
        <property name="name" type="string" column="name"/>
        <property name="age" type="int" column="age"/>
        <property name="username" type="string" column="username"/>
    </class>

</hibernate-mapping>
